name,stars,website
Armstrong-Morissette,1,https://nsw.gov.au/diam.xml
Rath-Waelchi,2,https://freewebs.com/commodo/vulputate/justo.aspx
McGlynn-Schneider,2,https://is.gd/morbi.js
Kessler LLC,4,http://simplemachines.org/platea/dictumst/maecenas/ut/massa/quis/augue.json
Bartell-Homenick,4,https://usnews.com/nullam/orci/pede/venenatis/non/sodales/sed.jpg
"Boyle, Klein and Will",2,https://jigsy.com/ipsum.jsp
Tremblay and Sons,1,https://seesaa.net/pretium.xml
O'Hara-Wintheiser,1,https://pbs.org/velit/eu/est/congue/elementum/in/hac.jpg
Ratke-Powlowski,5,https://ezinearticles.com/vestibulum/eget/vulputate/ut/ultrices/vel.html
"Gutkowski, Schultz and Brakus",3,http://twitter.com/proin/risus/praesent/lectus/vestibulum/quam.aspx
Nolan Inc,5,https://artisteer.com/nec/nisi/vulputate.jsp
Wunsch Group,3,https://symantec.com/morbi/a/ipsum/integer/a.js
Feest and Sons,2,http://mediafire.com/quisque/porta/volutpat/erat.html
"Roob, Hane and Monahan",2,https://forbes.com/tortor/id/nulla/ultrices/aliquet.jpg
Schroeder Group,5,https://nih.gov/viverra.json
"Wisozk, DuBuque and Dicki",3,https://sourceforge.net/pellentesque/volutpat/dui/maecenas/tristique/est.xml
Lockman Inc,5,https://dot.gov/pede/libero/quis/orci/nullam.png
Collier-Christiansen,5,https://amazon.de/id/lobortis/convallis/tortor/risus/dapibus/augue.aspx
"Daugherty, Batz and Swaniawski",3,https://cpanel.net/non/ligula/pellentesque/ultrices/phasellus/id/sapien.html
"Balistreri, Greenfelder and Morar",1,http://goo.gl/sit/amet/sem/fusce.jpg
"McGlynn, Von and Bechtelar",4,https://wikispaces.com/interdum/eu/tincidunt/in/leo/maecenas.xml
Wuckert and Sons,3,https://state.gov/luctus/et/ultrices.html
Berge-Veum,2,https://dmoz.org/nibh/fusce/lacus/purus/aliquet/at.js
"Tremblay, Auer and Braun",2,https://youtube.com/nulla/suscipit/ligula/in/lacus.js
Langosh-Bergnaum,2,https://wikia.com/non/pretium/quis/lectus/suspendisse.png
Williamson-Kirlin,5,http://bing.com/eu/tincidunt/in.xml
Abbott Group,1,https://auda.org.au/felis/sed/lacus/morbi.jpg
Hodkiewicz Group,2,http://sourceforge.net/a/ipsum.xml
Murphy Inc,4,https://google.nl/felis.js
"Rogahn, Watsica and Durgan",3,http://samsung.com/id.json
"Trantow, Swaniawski and Schulist",2,http://sitemeter.com/cras/in/purus/eu/magna/vulputate.png
Stehr-Stiedemann,5,https://posterous.com/feugiat/non/pretium.jsp
Berge-Friesen,4,http://bigcartel.com/morbi/non/lectus.aspx
Kuhic-Morar,4,https://jiathis.com/eleifend/pede/libero/quis.json
Cremin LLC,3,http://artisteer.com/mollis/molestie/lorem/quisque/ut/erat/curabitur.json
"Ruecker, Marquardt and Glover",4,https://cbslocal.com/at/dolor/quis/odio.jpg
Hackett and Sons,3,https://51.la/sapien/varius/ut/blandit/non/interdum.aspx
Shields Group,5,https://businessweek.com/sociis/natoque/penatibus/et/magnis.jsp
"DuBuque, Mueller and Sporer",5,https://opensource.org/eleifend/pede/libero/quis/orci.html
Padberg-Smith,2,https://github.com/at/nulla/suspendisse/potenti.aspx
Konopelski-Schumm,5,https://yale.edu/ultrices/vel/augue/vestibulum/ante/ipsum.xml
Daniel and Sons,1,http://techcrunch.com/ac.jsp
Metz and Sons,5,https://imdb.com/in/blandit.aspx
Ledner-Feil,1,https://sphinn.com/sed/accumsan/felis.jpg
Reichert Group,4,http://cnn.com/eu/magna/vulputate/luctus/cum/sociis/natoque.json
"Pouros, McGlynn and O'Reilly",1,https://posterous.com/vulputate/ut/ultrices/vel/augue/vestibulum.js
"Larson, Mante and McClure",3,https://phpbb.com/semper/rutrum.html
"Grady, Spencer and Dare",5,http://shutterfly.com/eget/congue/eget.xml
"Altenwerth, Jenkins and Cole",2,https://kickstarter.com/luctus.html
"Anderson, Bechtelar and Bashirian",3,https://weather.com/morbi/ut/odio/cras/mi/pede.jsp
"Friesen, Lesch and Homenick",4,http://chronoengine.com/consequat/lectus/in.jsp
Ratke and Sons,2,https://harvard.edu/quisque.aspx
Daniel LLC,4,http://phoca.cz/semper/interdum/mauris.js
Schultz-Hilll,1,https://psu.edu/consequat/ut/nulla/sed.png
"Larkin, Hamill and Berge",3,http://cocolog-nifty.com/et/ultrices/posuere/cubilia/curae.html
Barrows LLC,3,https://drupal.org/pellentesque/volutpat/dui/maecenas/tristique/est/et.js
"Huels, Roob and Bins",4,https://mtv.com/pharetra/magna/vestibulum/aliquet/ultrices/erat/tortor.html
"Bednar, Herzog and Osinski",2,http://fotki.com/sem/mauris/laoreet/ut/rhoncus/aliquet/pulvinar.xml
Boyle-Kihn,4,https://forbes.com/id/nulla/ultrices/aliquet.json
Hoeger-Kunze,4,https://nasa.gov/nonummy/integer/non/velit/donec/diam/neque.png
Rau Inc,4,https://senate.gov/eu/interdum/eu.jpg
Mohr-Herman,1,https://nymag.com/adipiscing/elit/proin.json
"Lind, Boehm and Schaefer",1,https://google.com.hk/amet/lobortis.jsp
"Carter, Rosenbaum and O'Keefe",5,http://bigcartel.com/diam/erat.json
Nikolaus-Wyman,3,https://sun.com/sed/tincidunt/eu/felis.aspx
Ondricka and Sons,5,http://pen.io/volutpat/eleifend/donec.json
Kub Group,4,http://usgs.gov/magnis/dis/parturient/montes/nascetur.jsp
Price LLC,5,http://wikimedia.org/odio.js
Murazik LLC,4,https://spotify.com/metus/arcu/adipiscing/molestie.jsp
"Hoppe, Schinner and Shields",5,https://networkadvertising.org/congue/elementum/in.jsp
"Hintz, Ratke and Harris",3,http://cnn.com/nisl/ut/volutpat/sapien/arcu.json
"Dickinson, Fisher and Schiller",1,http://about.me/curae.aspx
"Pacocha, Pagac and Emmerich",1,http://mlb.com/purus/sit/amet/nulla/quisque/arcu/libero.aspx
Schiller and Sons,3,https://epa.gov/rutrum.js
Hackett-Bashirian,5,http://shutterfly.com/nisi/at/nibh.png
D'Amore Inc,4,http://ustream.tv/consequat.json
Mann-Schuppe,3,https://amazon.com/arcu/adipiscing.jpg
"Kuhic, Moore and Fritsch",1,https://nationalgeographic.com/eget/tempus/vel.jsp
Nikolaus-Satterfield,5,http://gizmodo.com/erat/vestibulum/sed/magna/at/nunc.aspx
Gleichner LLC,3,http://blog.com/leo/maecenas/pulvinar/lobortis.js
Ziemann and Sons,3,https://tamu.edu/quam/pharetra/magna/ac/consequat.jsp
Windler and Sons,1,http://opensource.org/duis.js
Robel-Wintheiser,3,https://odnoklassniki.ru/blandit/lacinia/erat/vestibulum/sed/magna.js
Gerhold-Gutmann,3,https://imageshack.us/elementum/ligula/vehicula/consequat.aspx
Smitham and Sons,5,https://springer.com/quisque/erat/eros/viverra/eget/congue/eget.jsp
Smitham-Hermann,2,https://51.la/tempor.json
"Jacobson, Zboncak and Parker",2,http://slashdot.org/semper.js
"Kuhic, Sporer and Grant",4,http://flickr.com/dapibus.png
"Streich, MacGyver and Cronin",1,https://unblog.fr/mus/etiam/vel.xml
Connelly Inc,1,https://amazon.de/ultricies/eu.jpg
Nolan LLC,5,https://google.com.hk/vel.xml
Lesch-Homenick,5,https://purevolume.com/quis/augue/luctus.jpg
Durgan Inc,3,https://prnewswire.com/vitae/nisl/aenean/lectus/pellentesque/eget/nunc.js
"Ernser, Rath and Rutherford",2,http://soundcloud.com/vestibulum/sit/amet/cursus/id/turpis.json
"Williamson, Quitzon and Altenwerth",1,https://dot.gov/magna/vulputate/luctus/cum/sociis/natoque.js
Jakubowski LLC,4,http://addtoany.com/orci/vehicula/condimentum/curabitur/in.jpg
"Raynor, Ernser and Dooley",1,http://live.com/erat.jsp
Kirlin-Haag,5,http://buzzfeed.com/tortor/id/nulla/ultrices.aspx
"Ziemann, Dietrich and Prohaska",4,https://marketwatch.com/mauris/eget.png
Grant-McLaughlin,4,https://vkontakte.ru/nec/euismod/scelerisque/quam.aspx
"Marks, Moen and Dicki",3,http://live.com/vivamus/metus/arcu/adipiscing/molestie.html
"Pfeffer, Dooley and McDermott",3,https://utexas.edu/justo/sit/amet.png
"Heaney, Corkery and Sanford",5,http://is.gd/in/faucibus/orci/luctus/et/ultrices.json
Abernathy-Gusikowski,5,http://nih.gov/fusce/lacus.aspx
Dooley and Sons,4,https://infoseek.co.jp/imperdiet/sapien/urna/pretium/nisl/ut.jsp
"Carroll, Gerlach and Abbott",5,http://redcross.org/nullam/orci.json
"Raynor, Metz and Jaskolski",1,https://engadget.com/augue/aliquam/erat.html
Greenfelder-Rosenbaum,1,http://nydailynews.com/vestibulum/ante/ipsum/primis.json
Tillman Inc,1,http://pcworld.com/turpis/elementum/ligula.xml
O'Reilly LLC,1,http://sohu.com/molestie/lorem/quisque/ut/erat/curabitur/gravida.jpg
Smitham-Brown,4,https://aboutads.info/cubilia/curae/nulla/dapibus.jsp
"Nader, Paucek and Schuster",1,https://illinois.edu/ipsum/primis/in/faucibus/orci.jpg
"Koss, Kunze and Medhurst",2,http://csmonitor.com/aliquam/non/mauris/morbi/non/lectus.js
"Beatty, Kuhlman and Nikolaus",5,https://house.gov/nisl/ut/volutpat.xml
"Rice, Rau and Mayer",4,http://who.int/mauris/morbi.html
Christiansen Inc,3,https://exblog.jp/lectus/aliquam/sit/amet/diam/in.js
"Hintz, Wisozk and Murazik",2,https://cbslocal.com/in/sapien/iaculis/congue/vivamus/metus/arcu.html
Waters-Schinner,2,http://apache.org/primis.xml
Keeling-Mayert,4,http://chron.com/luctus/et/ultrices/posuere/cubilia/curae.json
Fay LLC,4,http://unc.edu/dui/nec/nisi/volutpat.jsp
Metz Inc,4,http://princeton.edu/eu.html
"Moore, Schuster and McCullough",4,http://domainmarket.com/ut/nulla.json
"Steuber, Quitzon and Von",3,https://fastcompany.com/suspendisse/potenti/nullam/porttitor/lacus.html
Kuhlman-McKenzie,1,http://google.fr/et.js
Lueilwitz Group,2,https://apache.org/id/luctus/nec/molestie/sed.aspx
"Dietrich, Konopelski and Boyer",1,https://edublogs.org/eget/eleifend/luctus/ultricies/eu.png
"Legros, Bruen and Bechtelar",2,http://pcworld.com/sapien/in/sapien/iaculis.jsp
"Fritsch, Reichel and Walter",1,https://so-net.ne.jp/id/lobortis/convallis/tortor/risus/dapibus/augue.jsp
"Greenfelder, Deckow and Crist",4,https://elpais.com/interdum/eu/tincidunt/in.js
Miller-Nitzsche,1,https://amazon.co.jp/aliquam/erat/volutpat/in/congue.html
Cronin LLC,3,https://gov.uk/libero/nam/dui/proin/leo/odio.json
Crist Group,2,http://flickr.com/a/odio/in.jsp
Tillman-Johns,4,http://google.com/consequat/in/consequat.html
Labadie-Bernhard,5,http://nba.com/semper.xml
Morissette Group,5,https://auda.org.au/posuere/nonummy/integer/non/velit/donec/diam.js
"Cronin, Hahn and Reilly",4,http://hibu.com/turpis/sed/ante.xml
Langworth Inc,2,http://alibaba.com/sed/tincidunt/eu/felis/fusce/posuere/felis.aspx
Feest-McLaughlin,1,https://china.com.cn/hac/habitasse/platea/dictumst.png
"Turcotte, O'Kon and Quigley",5,https://latimes.com/blandit.xml
"Hessel, Wisoky and Rutherford",1,http://pcworld.com/amet/sem/fusce/consequat/nulla/nisl.aspx
Gerhold LLC,1,https://howstuffworks.com/ut.xml
Abshire LLC,3,https://geocities.com/phasellus/sit/amet/erat/nulla/tempus.aspx
Conroy-O'Reilly,1,http://fda.gov/maecenas/pulvinar/lobortis/est/phasellus/sit.html
Krajcik Inc,1,http://gnu.org/nisl/aenean/lectus/pellentesque/eget/nunc/donec.jsp
Hagenes-Wilderman,5,https://theatlantic.com/tempor/turpis/nec/euismod.aspx
Schamberger Group,2,http://sciencedirect.com/et/ultrices.html
"Davis, McLaughlin and Kozey",5,http://europa.eu/ut/at/dolor/quis/odio.jpg
"Yost, Sporer and Altenwerth",1,http://slashdot.org/malesuada/in/imperdiet.json
Larkin-Wiegand,4,https://xing.com/aliquet/massa/id/lobortis/convallis.jsp
"Kuvalis, Bednar and Murphy",3,http://php.net/in/purus/eu.jsp
"Medhurst, Wyman and Reinger",1,https://istockphoto.com/proin/leo/odio/porttitor/id/consequat.png
"Reynolds, Schaefer and Sauer",1,https://cnn.com/erat/fermentum.json
Beahan Inc,2,http://cbsnews.com/consectetuer/adipiscing/elit/proin/risus/praesent.jsp
Wehner Group,3,http://cbsnews.com/amet/cursus/id/turpis/integer/aliquet.json
"Windler, Wisoky and O'Conner",5,https://nba.com/porttitor.js
Armstrong LLC,5,http://tumblr.com/libero/nam.html
"Little, Williamson and Lueilwitz",5,http://house.gov/augue/quam/sollicitudin/vitae/consectetuer/eget/rutrum.js
Reilly-Cronin,3,http://privacy.gov.au/lobortis/sapien/sapien/non/mi/integer.png
Lang and Sons,5,http://ucoz.ru/non/mattis/pulvinar/nulla.json
"Treutel, Ortiz and Kirlin",2,https://pagesperso-orange.fr/quis/augue/luctus/tincidunt.jpg
Schamberger LLC,2,http://thetimes.co.uk/id/mauris/vulputate.js
Bartell Group,2,http://thetimes.co.uk/quis.json
Yost Inc,4,https://google.fr/pede.json
Koepp Inc,1,http://geocities.com/elementum/pellentesque/quisque/porta/volutpat/erat.html
Barton and Sons,1,http://miibeian.gov.cn/dapibus/duis/at/velit/eu.png
Ritchie-Padberg,2,https://washingtonpost.com/nascetur/ridiculus/mus.jpg
Nicolas Group,5,https://ustream.tv/posuere/nonummy/integer/non/velit.aspx
Corkery-Rath,1,http://creativecommons.org/duis/at/velit/eu/est/congue/elementum.js
Fritsch LLC,4,http://dagondesign.com/ipsum/primis/in/faucibus/orci/luctus/et.jsp
Pacocha Inc,5,https://globo.com/varius/ut/blandit/non/interdum/in/ante.xml
Muller Inc,1,https://ft.com/at/nunc/commodo/placerat.jsp
Altenwerth-O'Keefe,1,http://rediff.com/ultrices/posuere/cubilia.json
Deckow Inc,4,http://4shared.com/gravida/nisi/at/nibh/in/hac.jsp
Roob Inc,2,http://list-manage.com/dolor/sit/amet/consectetuer/adipiscing/elit/proin.xml
Langosh and Sons,4,http://ucoz.com/suspendisse/ornare/consequat/lectus/in/est/risus.xml
Monahan Inc,4,http://google.nl/nulla/pede/ullamcorper/augue/a.jpg
Breitenberg Group,3,https://mlb.com/consequat.json
"Christiansen, Mertz and Bartoletti",5,https://vk.com/nibh.js
Denesik Inc,2,http://ucla.edu/leo/rhoncus/sed/vestibulum.html
"Greenholt, Morar and Grady",2,https://rambler.ru/in/hac/habitasse/platea/dictumst/aliquam.js
Schowalter Group,3,http://github.io/ac/nibh/fusce/lacus/purus/aliquet/at.png
"Herman, Hickle and Mueller",3,http://cnet.com/cubilia.js
Lebsack Group,5,https://seesaa.net/phasellus/id/sapien/in/sapien.js
Reinger-Brown,1,https://livejournal.com/leo/pellentesque/ultrices/mattis/odio/donec/vitae.jpg
"Casper, Leannon and Treutel",4,https://dell.com/leo/odio/condimentum/id/luctus/nec/molestie.jsp
Spinka Inc,4,http://google.co.jp/enim/lorem.json
Zulauf Group,4,http://163.com/in/sapien.aspx
Lind-Fisher,3,http://51.la/erat/volutpat/in.js
Dibbert Group,3,https://webs.com/a/suscipit/nulla/elit/ac.json
Bosco Inc,4,http://nymag.com/lorem.html
"Heaney, Terry and Nicolas",1,https://slashdot.org/non/ligula/pellentesque/ultrices/phasellus.jpg
Hermiston Inc,2,http://homestead.com/iaculis.jsp
Toy LLC,3,https://earthlink.net/in/faucibus/orci/luctus/et.json
Abernathy and Sons,1,http://globo.com/vel.jsp
Mraz Inc,3,http://imageshack.us/ac/neque/duis/bibendum/morbi.json
"Wintheiser, Will and Auer",3,http://slideshare.net/accumsan/tellus/nisi.jpg
"Mante, Bednar and Abshire",2,http://merriam-webster.com/libero/ut/massa/volutpat/convallis/morbi/odio.aspx
"Nader, Heller and Armstrong",2,https://bandcamp.com/dapibus/augue.png
"Murazik, McDermott and Braun",2,http://naver.com/vulputate/nonummy/maecenas.json
Osinski-Dach,5,https://tamu.edu/sed/nisl/nunc.json
Franecki-VonRueden,1,https://odnoklassniki.ru/at/dolor.json
Rowe Group,2,http://sfgate.com/felis/ut.png
"Hauck, Erdman and Keeling",3,https://berkeley.edu/sapien/iaculis/congue/vivamus/metus.json
Altenwerth LLC,3,https://printfriendly.com/a/ipsum/integer.json
"Murphy, McLaughlin and Ullrich",2,https://usa.gov/amet/turpis.jsp
Adams-Bosco,1,http://a8.net/erat/eros/viverra/eget/congue/eget.js
Kirlin LLC,3,http://fc2.com/nisi/vulputate/nonummy/maecenas/tincidunt/lacus.xml
"Lesch, Huel and Hermann",2,http://kickstarter.com/vel/sem/sed/sagittis/nam/congue/risus.jsp
Christiansen-O'Conner,4,http://tinypic.com/magnis/dis/parturient/montes/nascetur.jsp
"Welch, Botsford and Fay",3,http://nationalgeographic.com/ligula/suspendisse/ornare.json
"Gibson, Schneider and Bayer",5,http://bigcartel.com/volutpat/quam/pede/lobortis/ligula.jpg
Jacobs-McKenzie,1,http://google.it/platea/dictumst.aspx
Reynolds and Sons,2,http://dmoz.org/enim/blandit.jsp
"Miller, Windler and Davis",1,http://ezinearticles.com/sollicitudin/mi/sit/amet/lobortis.json
"Kihn, Reilly and Howe",5,https://canalblog.com/bibendum/imperdiet.jpg
Haley and Sons,4,http://homestead.com/dui/luctus/rutrum/nulla/tellus/in.js
Satterfield-Cummerata,4,https://mit.edu/natoque/penatibus/et/magnis/dis.jpg
"Durgan, Zulauf and Nikolaus",2,https://sciencedaily.com/scelerisque/mauris.xml
"Roberts, Rempel and Schmeler",4,https://friendfeed.com/nisl/duis/bibendum/felis/sed/interdum/venenatis.html
"Boehm, Bogisich and Osinski",1,http://xrea.com/donec/pharetra/magna/vestibulum/aliquet.xml
Bergnaum-Sporer,4,https://fda.gov/risus/semper/porta/volutpat/quam/pede/lobortis.html
Altenwerth-Lubowitz,3,https://usgs.gov/parturient/montes.aspx
"Dickens, Pollich and Bahringer",2,https://ezinearticles.com/dui/vel/nisl/duis/ac/nibh/fusce.jsp
Carroll-Bogisich,2,https://dyndns.org/hendrerit/at.aspx
"Crooks, Rempel and Purdy",3,http://marriott.com/neque.jpg
Hammes-Larkin,2,http://google.it/nulla/mollis/molestie/lorem.jpg
Douglas-Wuckert,5,http://cbslocal.com/tellus/nisi/eu/orci/mauris/lacinia.json
Baumbach and Sons,4,http://europa.eu/aliquam/non/mauris/morbi/non/lectus.js
"Fadel, Hoeger and Deckow",5,https://uiuc.edu/feugiat/non/pretium.js
Kunde-O'Conner,5,https://dot.gov/felis/eu/sapien/cursus/vestibulum/proin.aspx
Schoen LLC,2,http://theglobeandmail.com/cubilia.json
"Hermiston, Johns and Kris",4,http://answers.com/at/turpis/a/pede/posuere.html
Douglas LLC,5,http://163.com/volutpat/convallis/morbi/odio/odio/elementum/eu.jsp
Quitzon Group,4,https://creativecommons.org/velit/nec/nisi/vulputate/nonummy.xml
"Shields, Koch and Brown",2,https://microsoft.com/maecenas/pulvinar/lobortis.js
Walter and Sons,5,http://sbwire.com/quis/lectus/suspendisse/potenti/in/eleifend.jsp
Halvorson-Gleason,1,http://hao123.com/nunc/rhoncus/dui/vel/sem.aspx
"Ward, Hessel and Boehm",2,https://opera.com/nulla/elit/ac.jpg
Wiegand LLC,5,http://bigcartel.com/et/commodo.xml
Mitchell Group,3,http://umn.edu/hendrerit/at/vulputate/vitae/nisl/aenean.json
"Ondricka, Cartwright and Considine",5,https://uol.com.br/porttitor/pede/justo/eu/massa/donec/dapibus.png
"Brekke, Willms and Parker",3,https://surveymonkey.com/nam/tristique/tortor.js
Roob LLC,1,https://hibu.com/primis/in/faucibus/orci/luctus/et/ultrices.jsp
Graham-Kerluke,5,https://dmoz.org/luctus/rutrum/nulla/tellus/in/sagittis/dui.html
Ratke Group,4,https://dmoz.org/risus/dapibus/augue.js
Rohan Group,3,https://wisc.edu/fermentum.aspx
Graham-O'Kon,3,https://fc2.com/metus/aenean/fermentum/donec/ut.aspx
"Nienow, Wolf and Goldner",2,http://xinhuanet.com/eu/orci/mauris/lacinia.json
"MacGyver, Turcotte and Walker",3,http://gravatar.com/tempus/vivamus/in/felis/eu/sapien.xml
"Hartmann, Paucek and Cole",1,http://dailymail.co.uk/dictumst/morbi.png
Schuster-Kreiger,2,https://telegraph.co.uk/orci/luctus/et/ultrices/posuere/cubilia.jpg
"Kuhlman, Barton and Nienow",3,http://shareasale.com/in/leo.xml
Parker-Hamill,1,http://qq.com/tortor.aspx
Johnston-Harber,4,https://163.com/est/risus/auctor/sed/tristique/in/tempus.jsp
Barrows Group,4,http://pen.io/platea/dictumst/etiam/faucibus/cursus/urna/ut.jpg
"Senger, Von and Kuhn",1,https://nasa.gov/accumsan/tortor/quis/turpis/sed.jpg
"Bartoletti, Hermann and Prosacco",3,http://csmonitor.com/vel/sem/sed/sagittis/nam/congue/risus.aspx
"Beahan, Gulgowski and Shields",1,https://yandex.ru/ut.json
"Runolfsdottir, Ernser and Hessel",1,http://macromedia.com/eu/felis/fusce/posuere/felis/sed.json
Konopelski-Lynch,3,https://illinois.edu/montes/nascetur/ridiculus/mus/vivamus/vestibulum/sagittis.json
Bayer-Hayes,5,https://narod.ru/justo/sollicitudin/ut/suscipit.png
Hauck-Bogan,4,http://chronoengine.com/natoque/penatibus/et/magnis.aspx
"Veum, Cartwright and Robel",1,https://wiley.com/duis.js
"Mitchell, Pagac and Kertzmann",3,https://geocities.com/est/et/tempus/semper/est/quam/pharetra.html
Ullrich-Simonis,5,http://lulu.com/bibendum/felis/sed/interdum/venenatis.xml
Legros and Sons,3,https://hugedomains.com/ligula/suspendisse/ornare/consequat.js
"Walsh, Dickinson and Wiza",2,https://answers.com/consequat/varius/integer/ac/leo.png
Rippin-Carroll,3,https://google.de/primis/in/faucibus/orci/luctus/et.js
Runte-Pouros,3,https://ow.ly/enim/in.jsp
Schmitt-Wintheiser,1,https://jimdo.com/quam/sapien/varius/ut/blandit.html
"Crooks, Hoppe and Kohler",2,http://hao123.com/nulla/integer/pede.aspx
"Ratke, Jakubowski and West",2,http://mail.ru/proin/at/turpis.jpg
Harvey-Roberts,5,http://dion.ne.jp/est.json
Kessler Inc,5,http://sogou.com/vivamus/metus/arcu.json
Von and Sons,3,https://tuttocitta.it/ut/massa/volutpat/convallis/morbi.html
Casper Group,1,http://google.ru/quis.js
Quigley Inc,3,https://latimes.com/nulla/sed/vel.aspx
Schuppe-Bins,4,https://cocolog-nifty.com/dolor/sit/amet/consectetuer.png
"Simonis, Emmerich and Walker",3,http://51.la/ipsum/ac/tellus/semper/interdum/mauris.jpg
Bode-Trantow,2,http://storify.com/aliquet/ultrices.html
Blick-Hilll,3,http://vk.com/in/lacus/curabitur/at.png
Altenwerth Inc,3,https://phoca.cz/potenti/in/eleifend/quam/a.aspx
"Hackett, Bergnaum and Murazik",4,https://xing.com/lorem/ipsum/dolor/sit.json
"Lakin, Schumm and Auer",1,https://ebay.com/nibh/in/lectus/pellentesque.html
Hilpert Inc,4,https://geocities.jp/sagittis/nam/congue/risus/semper/porta.jsp
Fahey-Grimes,5,http://noaa.gov/nisl/nunc/rhoncus/dui.png
Gutmann-Senger,4,https://oakley.com/mauris/viverra.json
Cremin-Lowe,2,http://instagram.com/non/mattis/pulvinar/nulla/pede.xml
Altenwerth LLC,2,https://msn.com/sit/amet/justo/morbi/ut/odio.js
Streich-Hammes,3,http://businessinsider.com/ultrices/libero/non/mattis/pulvinar/nulla/pede.json
Reichel Group,3,https://ebay.co.uk/tincidunt.json
Terry-Medhurst,4,http://over-blog.com/vestibulum/vestibulum/ante/ipsum/primis.jsp
"Johnson, Wilkinson and Schinner",2,https://wsj.com/amet/erat/nulla/tempus/vivamus/in.aspx
Boyle Group,1,http://europa.eu/id/nisl/venenatis/lacinia/aenean/sit.aspx
"Green, Johns and Willms",2,https://g.co/a/nibh/in/quis/justo/maecenas.jsp
"Beier, Sauer and McKenzie",3,https://patch.com/in/tempus/sit/amet/sem.aspx
Legros Inc,5,https://histats.com/eros/viverra/eget/congue.xml
"Pfannerstill, Bahringer and Nitzsche",4,http://mysql.com/consequat.json
Mann-Torp,1,http://vinaora.com/sem/praesent/id.json
Greenfelder Group,4,http://upenn.edu/aliquam/non/mauris/morbi/non/lectus/aliquam.xml
Marks Group,4,http://netscape.com/tellus/nulla/ut/erat/id/mauris.png
"Rath, Kuvalis and Ondricka",2,https://facebook.com/pede/ac.xml
Hauck and Sons,2,http://huffingtonpost.com/duis/aliquam/convallis/nunc/proin.jsp
Ullrich-Tromp,4,http://biblegateway.com/eget.aspx
Schimmel-Leannon,4,https://columbia.edu/faucibus/orci/luctus.png
Moen and Sons,2,https://cnbc.com/lectus/aliquam/sit/amet.js
Kirlin-Schmidt,3,https://bluehost.com/quis/libero/nullam.png
Rowe Inc,2,http://tinyurl.com/ante/vivamus/tortor/duis/mattis/egestas.png
"Buckridge, Emmerich and Hammes",5,http://wikipedia.org/potenti/nullam/porttitor/lacus/at/turpis/donec.png
Crooks-Leffler,5,https://rambler.ru/est/donec/odio/justo/sollicitudin.png
Krajcik Inc,2,http://google.ru/vulputate/elementum/nullam/varius/nulla/facilisi.html
"Jacobs, Anderson and Carroll",1,http://surveymonkey.com/ultrices/erat/tortor/sollicitudin/mi/sit.js
"Raynor, Koch and Medhurst",3,http://digg.com/orci/mauris/lacinia/sapien.xml
"Wehner, Effertz and Doyle",3,https://slashdot.org/nulla/facilisi/cras/non/velit.js
"Sporer, Prohaska and Johnston",2,http://ed.gov/viverra/dapibus/nulla/suscipit/ligula/in.xml
Walker Group,5,http://princeton.edu/lacus/at/turpis.jsp
Goodwin Group,3,https://nbcnews.com/sapien/arcu/sed.aspx
"Grant, Mills and Pfannerstill",5,http://ftc.gov/sapien.jsp
Lesch-Bode,2,http://nydailynews.com/non/interdum/in/ante/vestibulum/ante/ipsum.json
Grant-Barrows,1,https://hatena.ne.jp/vitae.json
Romaguera Group,3,https://springer.com/mauris/laoreet/ut/rhoncus.xml
Grady-Osinski,4,http://bluehost.com/scelerisque/mauris/sit/amet/eros/suspendisse.aspx
"Quitzon, Armstrong and Mitchell",5,http://youtube.com/duis/at/velit/eu/est.jpg
"Hills, Fahey and Kautzer",5,http://t-online.de/suspendisse/ornare.html
"Jerde, Schamberger and Sauer",3,http://whitehouse.gov/tortor/id/nulla.xml
"Ernser, Cruickshank and Hegmann",2,http://sogou.com/pretium/iaculis/justo/in.xml
Monahan LLC,2,https://rakuten.co.jp/sit/amet/consectetuer/adipiscing.json
Schuster-Jenkins,1,http://princeton.edu/in.xml
Schinner-Volkman,4,http://sfgate.com/at/velit/eu/est/congue/elementum/in.jsp
"West, Wisoky and Bins",1,http://cmu.edu/vestibulum/sed/magna/at/nunc/commodo/placerat.js
Torphy LLC,3,https://oaic.gov.au/leo/pellentesque/ultrices/mattis/odio.jpg
Miller-Cremin,3,http://usnews.com/morbi/vel/lectus/in/quam/fringilla.jsp
Dare Group,5,https://mail.ru/nunc/donec/quis/orci/eget.xml
Pfannerstill LLC,4,https://linkedin.com/maecenas/tristique/est/et.jpg
"Graham, Pfeffer and Barrows",3,http://goodreads.com/nisl/nunc.jsp
Ebert-Lesch,1,https://umich.edu/justo.js
Rosenbaum-Fritsch,2,https://a8.net/ut/at/dolor/quis/odio/consequat.html
"Cremin, Nitzsche and Renner",3,https://sohu.com/orci.jpg
Schinner Inc,1,https://yandex.ru/nulla/tempus/vivamus/in/felis/eu/sapien.png
Morar-Jacobi,4,http://nature.com/justo/sollicitudin.xml
Murray Inc,4,http://w3.org/blandit/non.png
Von-Wintheiser,4,https://toplist.cz/bibendum/morbi/non/quam/nec.jsp
Glover and Sons,4,https://wikipedia.org/nulla/ac/enim/in/tempor/turpis.jsp
Yost-Schinner,5,http://godaddy.com/et/ultrices/posuere/cubilia/curae.jsp
Altenwerth and Sons,5,http://themeforest.net/justo.aspx
"Jerde, Homenick and Funk",3,http://umich.edu/justo/etiam/pretium/iaculis.jpg
Denesik Group,5,http://nytimes.com/vel/ipsum/praesent/blandit/lacinia/erat/vestibulum.jsp
"Halvorson, Hilpert and Jacobi",2,http://opera.com/non/sodales/sed.jsp
Kuhn-West,4,https://prweb.com/mattis/pulvinar/nulla/pede/ullamcorper.aspx
"Schoen, Daniel and Gulgowski",2,https://mapy.cz/tempus/vivamus/in/felis/eu/sapien.png
Botsford-Franecki,2,https://meetup.com/orci/mauris.html
"Champlin, Kirlin and Sporer",1,https://amazon.co.jp/massa/id/lobortis/convallis/tortor.aspx
Moore-Marvin,2,https://bloglines.com/sagittis/dui/vel/nisl/duis/ac.jpg
"Kreiger, Sawayn and Berge",2,http://npr.org/amet/diam/in/magna/bibendum/imperdiet/nullam.json
Bartell-Gorczany,1,http://wix.com/iaculis/congue/vivamus/metus/arcu/adipiscing/molestie.json
Green Group,4,http://github.io/vitae/nisl/aenean/lectus/pellentesque/eget/nunc.json
"Aufderhar, Schroeder and Bechtelar",1,https://usa.gov/curae/mauris/viverra.jsp
Anderson-Beahan,2,https://ted.com/eu/mi/nulla/ac.html
"Weber, Erdman and Prosacco",5,http://drupal.org/ante.jpg
"Simonis, Muller and Beer",1,https://jalbum.net/nulla/justo/aliquam/quis/turpis/eget.jsp
Torp and Sons,2,https://hatena.ne.jp/pharetra/magna/ac/consequat/metus/sapien.js
"McLaughlin, Nikolaus and Barton",2,https://google.cn/orci/pede/venenatis/non.json
Kerluke Group,3,https://tripadvisor.com/ipsum/aliquam/non/mauris.aspx
Nader Group,4,http://photobucket.com/risus/praesent/lectus/vestibulum/quam.html
Shields-Bartoletti,1,https://liveinternet.ru/malesuada.js
Blick-Sawayn,3,http://ca.gov/lectus/in/est/risus/auctor/sed/tristique.jsp
Walsh-Zboncak,5,http://alexa.com/scelerisque/quam/turpis.js
"Zemlak, Raynor and Keeling",1,http://mysql.com/ante/vestibulum/ante/ipsum/primis.jpg
"Gulgowski, Runolfsdottir and Blick",2,http://yahoo.co.jp/habitasse/platea/dictumst/morbi/vestibulum/velit.js
Moore-Marks,3,http://ovh.net/mauris/morbi.html
"Crist, Lang and Pfeffer",4,http://state.gov/vestibulum/velit/id/pretium/iaculis/diam/erat.png
Goldner-Bernier,1,https://upenn.edu/tristique/in/tempus/sit.xml
Wuckert-Wilkinson,1,http://senate.gov/integer.jsp
"Deckow, Bartell and Pfeffer",1,http://ehow.com/cras/non/velit/nec/nisi.html
"Herman, Kuhn and Schultz",1,https://zimbio.com/nullam/varius/nulla/facilisi/cras/non.js
Koch-Mante,3,https://wix.com/tempor/turpis/nec.js
Funk Inc,4,https://infoseek.co.jp/facilisi/cras/non.jsp
Batz-Wuckert,4,https://reference.com/nulla/sed/vel/enim/sit.png
"Jaskolski, Abshire and Bins",1,http://oracle.com/ut/erat/id/mauris/vulputate/elementum/nullam.png
Fahey Inc,3,https://cafepress.com/vitae/ipsum/aliquam/non/mauris.json
"Gottlieb, West and Hilpert",4,http://blog.com/sapien/urna/pretium/nisl/ut/volutpat.aspx
"Schinner, Steuber and Donnelly",5,https://github.io/nulla/justo.jpg
"Miller, Ernser and Dicki",4,http://edublogs.org/ante/ipsum/primis/in/faucibus/orci/luctus.aspx
"Wolff, Crist and Cruickshank",1,http://samsung.com/cras/pellentesque/volutpat/dui/maecenas.xml
Ziemann LLC,2,https://fotki.com/quis/justo/maecenas/rhoncus/aliquam/lacus/morbi.jpg
Beier-Hirthe,5,http://cnet.com/in.png
Satterfield Group,2,http://yelp.com/duis/aliquam.js
Hilll-Jaskolski,4,https://europa.eu/vivamus/vel/nulla.json
Boyer-Schinner,2,http://free.fr/sodales/sed.png
Koelpin-Padberg,2,https://furl.net/amet/turpis/elementum/ligula.html
Daniel-Metz,4,http://noaa.gov/non/lectus/aliquam.jsp
"Becker, Barrows and Schaden",2,https://elegantthemes.com/nullam/orci/pede.html
O'Connell-MacGyver,4,http://printfriendly.com/volutpat/in/congue/etiam/justo/etiam/pretium.xml
Goodwin Group,2,http://phpbb.com/luctus.js
Terry-Runte,5,https://newsvine.com/orci/luctus/et/ultrices/posuere/cubilia/curae.xml
Klocko-Huels,1,http://google.ru/congue/elementum.png
Crooks Inc,2,http://illinois.edu/eu/magna/vulputate.jpg
"Beahan, Schroeder and Rodriguez",2,http://spiegel.de/natoque.png
Ondricka LLC,4,https://dagondesign.com/id/justo/sit/amet/sapien/dignissim.json
"Bayer, Von and Rogahn",1,http://51.la/donec/pharetra.aspx
Schinner Group,5,http://chron.com/nunc/donec.xml
"Conroy, Waters and Schulist",4,http://vk.com/lacus.jpg
Windler Group,4,http://yolasite.com/lectus/suspendisse/potenti/in.html
Fay and Sons,4,http://edublogs.org/risus/auctor.xml
Yost LLC,4,http://bbb.org/nulla/sed/vel/enim/sit.png
"Upton, Jast and Terry",3,http://tinypic.com/amet/erat/nulla.jsp
"Feil, Mohr and Hirthe",2,https://github.io/varius/integer/ac/leo.aspx
"Cronin, Labadie and Kutch",5,http://oracle.com/ipsum/primis/in/faucibus/orci/luctus/et.jsp
"Ryan, Hegmann and Walsh",3,https://fc2.com/id/ornare.png
"Ullrich, Larson and Stamm",4,https://google.ca/ridiculus/mus/vivamus/vestibulum/sagittis/sapien/cum.jpg
"Bashirian, Krajcik and Hilpert",2,http://drupal.org/ultrices/aliquet/maecenas/leo/odio.jpg
Spinka and Sons,4,http://examiner.com/nulla/sed/vel/enim/sit.png
Wuckert-Schroeder,2,http://skype.com/sit/amet/sem/fusce/consequat.json
"Barton, Howe and Bruen",1,http://odnoklassniki.ru/lorem/quisque/ut.png
Breitenberg and Sons,3,http://sciencedirect.com/eget/vulputate/ut/ultrices.js
Reilly-Hand,4,http://amazon.co.jp/nisl.html
Tremblay Inc,5,http://photobucket.com/ac/lobortis.js
Waelchi LLC,2,https://ustream.tv/ligula/pellentesque/ultrices/phasellus/id/sapien/in.png
"Rau, Russel and Nitzsche",5,https://xinhuanet.com/non/lectus/aliquam/sit/amet/diam/in.js
"Deckow, Weber and Bergnaum",3,https://fema.gov/felis/eu/sapien.png
Fadel Group,5,https://creativecommons.org/vestibulum/proin.js
"Schowalter, Feil and Rolfson",4,https://odnoklassniki.ru/erat/eros/viverra/eget/congue/eget.png
Lubowitz Group,2,https://themeforest.net/id/consequat/in/consequat/ut/nulla.html
"Conroy, Conroy and Ziemann",1,https://newsvine.com/nec/dui/luctus.xml
"Boyer, Nolan and Rogahn",2,https://wix.com/vestibulum.xml
Dibbert LLC,5,http://house.gov/pede/libero/quis/orci/nullam/molestie/nibh.json
Williamson Inc,4,http://google.nl/quis.png
"Kuhic, Greenfelder and Hansen",1,http://shareasale.com/rutrum/nulla/nunc/purus/phasellus.html
"Smitham, O'Conner and Reichel",1,http://chron.com/dui/maecenas/tristique.js
"Bernhard, Mraz and Wolff",5,http://miibeian.gov.cn/quis/augue/luctus/tincidunt/nulla/mollis/molestie.jsp
Shields Group,2,https://technorati.com/adipiscing/molestie.jsp
"Kreiger, Zemlak and Purdy",3,http://wufoo.com/ante/vel/ipsum/praesent.json
Wilderman LLC,3,https://a8.net/ut/massa/quis/augue.png
"Padberg, Pagac and Barton",4,https://is.gd/auctor.json
Lubowitz-Gottlieb,5,https://skype.com/interdum.png
"Pollich, Crooks and Wehner",3,http://wikispaces.com/justo/in/blandit.png
"Boehm, Schulist and Hudson",4,https://buzzfeed.com/quisque/id/justo.jsp
Kemmer and Sons,5,https://ihg.com/lorem/id/ligula/suspendisse/ornare/consequat/lectus.jpg
"Grimes, VonRueden and Daniel",4,https://addtoany.com/aliquam/convallis.xml
"Kreiger, Walter and Bins",4,http://devhub.com/nulla/suscipit/ligula/in/lacus/curabitur.aspx
"Boyle, Bergnaum and Baumbach",4,http://nytimes.com/turpis/adipiscing/lorem/vitae.json
Weber Inc,3,https://theguardian.com/et/eros/vestibulum/ac.aspx
"McClure, Klein and Kuphal",2,http://elegantthemes.com/ut/mauris/eget/massa/tempor/convallis/nulla.jsp
Fritsch Group,3,https://multiply.com/id/consequat.js
Connelly-Bechtelar,4,http://4shared.com/pede/posuere.jsp
Braun-Schimmel,2,http://ucoz.com/lorem/id.jsp
"Walter, Emmerich and Abernathy",4,https://twitpic.com/sodales/sed/tincidunt/eu/felis/fusce/posuere.jsp
"Huels, Miller and Lind",3,https://pbs.org/volutpat/convallis/morbi/odio/odio.png
Hodkiewicz-Koelpin,4,https://sbwire.com/sodales/sed/tincidunt/eu/felis/fusce/posuere.jpg
Kuhn-Strosin,4,https://boston.com/consequat/varius/integer.xml
"Hyatt, Rogahn and Greenfelder",5,https://yahoo.co.jp/pretium/nisl.jsp
"Grady, Hand and Langosh",2,https://statcounter.com/purus/phasellus/in/felis.js
"Graham, Hand and Wolf",5,https://reuters.com/pede/morbi/porttitor/lorem/id.aspx
Tillman-Reilly,1,https://tuttocitta.it/donec/odio/justo/sollicitudin/ut/suscipit/a.aspx
Krajcik Group,1,https://cnn.com/vulputate/justo/in/blandit.jpg
Prosacco Group,5,http://weather.com/vivamus/in/felis/eu/sapien.jpg
Mayer-Nolan,3,http://cmu.edu/vulputate/ut.jsp
"Doyle, Walter and Goodwin",5,http://shutterfly.com/pede.xml
"Hayes, Kozey and Pagac",5,https://home.pl/dictumst/maecenas/ut/massa/quis.jpg
Emard Group,1,https://dailymotion.com/elementum/pellentesque/quisque/porta/volutpat/erat/quisque.xml
Johnson-Bechtelar,4,http://behance.net/tincidunt/ante/vel/ipsum.png
Deckow-Dietrich,1,https://nature.com/imperdiet/sapien.aspx
"Fritsch, Witting and Moen",5,http://goo.gl/suscipit/ligula/in.js
Hills-Glover,2,https://bigcartel.com/nisl/nunc/nisl/duis/bibendum/felis.xml
Mayert and Sons,3,http://cornell.edu/fusce/consequat/nulla/nisl/nunc/nisl/duis.jsp
Jerde LLC,3,https://unc.edu/vestibulum/eget/vulputate.aspx
Dooley LLC,5,http://ox.ac.uk/eget/vulputate/ut/ultrices/vel.jpg
Keebler Group,5,https://admin.ch/dictumst/aliquam/augue.jsp
Torp-McGlynn,1,https://homestead.com/ante/vivamus.png
Trantow Inc,2,http://phpbb.com/vehicula/consequat/morbi/a.jpg
Davis LLC,1,https://uol.com.br/dapibus/at/diam/nam/tristique/tortor.html
"Kreiger, Mills and McClure",3,https://webnode.com/faucibus/orci.png
"Hermann, Langworth and Halvorson",2,https://icio.us/sapien/urna/pretium/nisl/ut/volutpat.html
"Gutmann, Aufderhar and Waelchi",5,http://wp.com/blandit/lacinia/erat/vestibulum.js
Pollich-Runte,3,https://feedburner.com/quisque/ut.js
Wilderman-Goldner,3,http://amazon.com/dolor/sit/amet/consectetuer/adipiscing/elit.html
Connelly-Bednar,1,https://fc2.com/accumsan/tortor/quis.json
Cartwright Group,2,https://google.pl/est/lacinia/nisi/venenatis/tristique.aspx
"Bruen, Bashirian and Bartell",1,http://usatoday.com/ligula/in/lacus/curabitur/at/ipsum.json
"Crooks, Robel and Lindgren",5,https://phoca.cz/aliquam/quis/turpis/eget/elit/sodales/scelerisque.jsp
Durgan and Sons,5,https://gravatar.com/orci/luctus.jpg
Skiles and Sons,1,https://newsvine.com/metus/sapien/ut/nunc/vestibulum/ante/ipsum.aspx
Kertzmann-Smitham,1,http://walmart.com/fermentum/donec/ut.jpg
"Effertz, O'Conner and Ebert",3,http://uiuc.edu/etiam/vel/augue/vestibulum/rutrum/rutrum/neque.xml
Erdman-Hagenes,5,http://ibm.com/in/est/risus/auctor/sed/tristique/in.aspx
Nicolas and Sons,4,https://dell.com/ligula/vehicula/consequat/morbi/a/ipsum/integer.json
"Bashirian, Carter and Wilkinson",4,http://foxnews.com/nisl/venenatis/lacinia/aenean/sit.aspx
Thompson-Reynolds,4,http://tamu.edu/lobortis.png
Muller-Schneider,4,http://hc360.com/odio/porttitor/id/consequat/in/consequat.jpg
Smitham Inc,4,https://gravatar.com/lacus/at.html
"Johnston, Block and Wisoky",2,http://flavors.me/ultrices.xml
"Shields, Johnston and Smith",1,https://drupal.org/nulla/elit/ac/nulla/sed/vel/enim.xml
"Barton, Bogan and Trantow",2,https://state.gov/velit/id/pretium/iaculis/diam/erat/fermentum.js
Flatley-Hessel,3,https://time.com/lectus/aliquam/sit/amet.jpg
Murazik and Sons,2,http://businessweek.com/nec/dui/luctus/rutrum/nulla.xml
"Armstrong, VonRueden and Cartwright",4,https://toplist.cz/suspendisse/potenti/cras.jsp
"Ferry, Weimann and Wintheiser",3,https://yelp.com/fusce/lacus/purus/aliquet/at.xml
Jones and Sons,3,https://tumblr.com/erat/volutpat/in/congue/etiam.jpg
Moen LLC,2,http://goo.ne.jp/sed/ante/vivamus/tortor.jpg
Kreiger-Cole,3,https://china.com.cn/nisl/duis/bibendum/felis/sed/interdum/venenatis.jpg
Nicolas-Gutmann,3,http://pbs.org/platea/dictumst/morbi/vestibulum.aspx
Homenick LLC,1,https://forbes.com/sem/sed/sagittis/nam/congue.png
Smitham LLC,2,https://example.com/sem/duis/aliquam/convallis/nunc/proin/at.png
Mosciski Inc,4,https://gnu.org/accumsan/odio/curabitur/convallis/duis/consequat/dui.jpg
"Armstrong, Senger and Turner",3,http://squidoo.com/viverra.json
VonRueden-Gleichner,2,http://fema.gov/non.aspx
"Koepp, Wilderman and O'Conner",5,https://sitemeter.com/in/felis.json
"Wyman, Grady and Champlin",4,https://tamu.edu/augue/luctus/tincidunt/nulla.aspx
"Kemmer, Mayer and Wilderman",2,http://boston.com/phasellus/sit.jpg
"Adams, Schamberger and Cummings",3,https://youku.com/curae/mauris/viverra/diam/vitae.png
Kerluke and Sons,3,http://intel.com/nibh/in/hac.png
Pagac LLC,3,https://bing.com/pede/malesuada/in.js
"Gerlach, Beier and Sipes",1,http://infoseek.co.jp/porttitor/lorem/id.json
Hudson-Schowalter,3,https://slideshare.net/odio/curabitur/convallis/duis.json
Beatty Inc,4,http://census.gov/turpis.js
Kerluke LLC,3,http://google.com.hk/mollis.jsp
Littel Inc,3,http://java.com/ac.jpg
Wiza-Daniel,2,http://linkedin.com/ornare.aspx
Wuckert and Sons,1,http://w3.org/neque/duis/bibendum/morbi/non.aspx
"Goldner, Tremblay and Rogahn",3,https://wikimedia.org/penatibus/et/magnis.aspx
"Leffler, Padberg and Marks",2,http://pagesperso-orange.fr/curae.png
"Mante, Jones and Hintz",3,https://ezinearticles.com/vel/augue/vestibulum/ante/ipsum/primis/in.html
Reinger Inc,5,http://examiner.com/cubilia/curae/duis.png
"Crona, Klocko and Lindgren",5,http://dagondesign.com/ut/tellus/nulla.json
O'Connell LLC,2,https://constantcontact.com/sed/accumsan/felis/ut/at/dolor.xml
Davis-Torphy,5,https://hatena.ne.jp/augue/aliquam.aspx
Jenkins and Sons,2,https://sourceforge.net/ante.json
Homenick and Sons,4,https://salon.com/elementum/in/hac/habitasse.jsp
Luettgen and Sons,2,http://alibaba.com/pede/justo.xml
Marquardt Group,2,https://buzzfeed.com/semper/interdum/mauris/ullamcorper.jsp
Weber Group,4,https://yellowpages.com/non.png
Goyette Inc,1,http://tumblr.com/at/turpis.png
Effertz Group,3,https://mediafire.com/turpis/a/pede/posuere/nonummy/integer/non.html
Zieme-Kuhlman,5,https://dropbox.com/leo/pellentesque/ultrices.jpg
"Gutkowski, Langosh and Gerlach",1,https://ehow.com/in/faucibus/orci/luctus.jpg
Kessler-Jacobs,1,http://samsung.com/semper/interdum/mauris/ullamcorper/purus/sit/amet.html
Rau-Larson,5,https://list-manage.com/in/porttitor/pede/justo/eu.aspx
"Mayer, Murphy and Kling",5,https://slashdot.org/ullamcorper.jsp
"Ward, Haag and Bernier",4,http://ucoz.ru/ligula/sit/amet/eleifend/pede/libero/quis.jsp
Nikolaus-Denesik,1,https://sfgate.com/sed/vestibulum/sit/amet/cursus.jpg
"Predovic, Keebler and Krajcik",4,http://baidu.com/proin.js
Lynch-Effertz,1,https://linkedin.com/nulla/suscipit.xml
Reynolds-Baumbach,3,https://hexun.com/quam.js
Feil and Sons,1,http://twitter.com/nunc/nisl.png
Hilll LLC,3,https://jimdo.com/at/vulputate/vitae/nisl.html
Frami and Sons,4,https://rakuten.co.jp/nullam/varius.js
Mosciski-Schaden,2,https://sun.com/cras/pellentesque/volutpat/dui.js
"Fay, Larson and Stehr",2,http://mail.ru/semper.json
"Johns, Littel and Schiller",3,https://samsung.com/vel.aspx
Moen-Windler,1,https://sciencedaily.com/nunc.jpg
Kiehn-Hettinger,1,https://springer.com/nec/condimentum/neque.png
Strosin-Cummerata,3,http://sogou.com/condimentum/curabitur/in/libero/ut/massa/volutpat.json
"Lehner, Wisoky and Carroll",1,http://rediff.com/in/tempus/sit/amet/sem.jsp
Huel-Schultz,4,http://taobao.com/etiam/pretium/iaculis/justo/in/hac.jpg
"Wiza, Okuneva and Mante",1,http://wsj.com/curabitur/gravida/nisi/at/nibh/in.html
Zboncak Group,1,https://purevolume.com/dapibus/augue.png
Skiles-Kris,1,http://wiley.com/semper/rutrum/nulla/nunc/purus/phasellus/in.jpg
Balistreri-Treutel,5,https://csmonitor.com/dolor/vel/est/donec/odio/justo/sollicitudin.xml
Turner-Thompson,4,http://friendfeed.com/ut.png
Armstrong Inc,1,https://trellian.com/libero/non/mattis/pulvinar/nulla.js
Ratke-Kemmer,4,http://webmd.com/sapien/non/mi/integer/ac.xml
Rau-Mitchell,1,https://google.de/ultrices.json
"Homenick, Cremin and Grimes",5,https://bluehost.com/habitasse/platea/dictumst/maecenas/ut.json
Considine-Goyette,4,http://digg.com/orci/vehicula/condimentum/curabitur/in/libero.aspx
Dietrich-Lubowitz,4,http://wikipedia.org/rutrum/neque/aenean/auctor/gravida.jsp
"Terry, Rodriguez and Dooley",1,http://spiegel.de/mus/etiam/vel/augue.json
"Dickinson, Emard and Koss",5,https://skyrock.com/pretium/nisl/ut/volutpat/sapien.html
Boyer-Schmidt,5,http://bandcamp.com/odio/curabitur/convallis.aspx
Emmerich-Muller,4,http://arstechnica.com/nonummy/integer/non/velit/donec/diam.jsp
Kuhic Inc,5,http://tinyurl.com/platea/dictumst.jpg
Baumbach and Sons,5,https://free.fr/congue/etiam/justo/etiam/pretium/iaculis/justo.json
"Jacobs, Schuppe and Wiegand",3,https://nsw.gov.au/in/tempor/turpis/nec/euismod/scelerisque/quam.aspx
O'Kon LLC,4,https://unesco.org/in/lectus.html
"Hintz, Roberts and Gutmann",4,https://usda.gov/lectus.html
"Thiel, Ratke and Ryan",5,http://yahoo.co.jp/luctus/et/ultrices/posuere/cubilia/curae/mauris.js
"Brown, Jerde and Parker",1,http://si.edu/ultrices/enim/lorem/ipsum/dolor.aspx
Schinner-Russel,1,https://census.gov/pede/ac/diam.html
Moore Group,5,http://pbs.org/ultrices/enim.jpg
Grady Group,2,http://thetimes.co.uk/arcu/libero/rutrum.jsp
Leffler-Davis,4,http://wordpress.org/sed/sagittis/nam.js
Abbott LLC,3,http://sfgate.com/lobortis/sapien/sapien.xml
"Fay, Donnelly and Dicki",1,https://google.nl/bibendum/morbi.png
"Stanton, Erdman and Schmeler",3,http://dell.com/elementum.html
Franecki-Wolf,3,https://google.com.au/magna/vestibulum/aliquet/ultrices/erat/tortor.js
"Jenkins, Funk and Mueller",4,https://dot.gov/rutrum/at/lorem/integer/tincidunt/ante.js
Lynch LLC,4,https://mozilla.com/consequat/nulla/nisl.png
Schmitt LLC,5,https://cam.ac.uk/semper/est/quam/pharetra/magna/ac.xml
"Stanton, Mueller and Huel",5,https://sitemeter.com/blandit/mi/in/porttitor/pede.html
"Koss, Waters and Frami",3,https://examiner.com/sit/amet/eros/suspendisse/accumsan/tortor/quis.aspx
Bayer LLC,3,https://abc.net.au/quam/nec/dui/luctus/rutrum.aspx
Kassulke-Bins,1,http://csmonitor.com/et/eros/vestibulum/ac/est.xml
Cummerata and Sons,3,https://va.gov/tempus.aspx
"Stark, Herzog and Schmeler",4,https://wisc.edu/erat/id/mauris/vulputate/elementum/nullam.html
Powlowski and Sons,2,https://google.ru/nisi.aspx
"Wyman, Stiedemann and Kub",2,https://wordpress.org/cras/non/velit/nec.aspx
Strosin Inc,5,https://nhs.uk/donec/vitae/nisi/nam/ultrices/libero/non.jsp
"Casper, Blick and Watsica",5,http://myspace.com/ornare/imperdiet/sapien/urna.xml
Botsford LLC,4,http://businessinsider.com/sapien/non/mi/integer/ac/neque/duis.aspx
Frami and Sons,2,https://addtoany.com/consequat/morbi/a/ipsum/integer/a.xml
"Upton, Schoen and Haag",5,https://noaa.gov/lacinia/erat/vestibulum/sed/magna.html
Weber LLC,4,https://mtv.com/metus/aenean/fermentum/donec/ut/mauris/eget.png
Kuvalis-Mueller,3,http://netlog.com/hac.html
Raynor-Sipes,1,http://csmonitor.com/ornare/consequat/lectus/in.png
"Casper, Howe and Wolff",4,http://de.vu/fusce/congue/diam.aspx
"Pfannerstill, Shields and Cassin",3,https://un.org/nibh/ligula.aspx
Kilback-Murray,5,http://loc.gov/at/nulla.js
"Parisian, Waelchi and Effertz",3,http://gnu.org/turpis/nec/euismod/scelerisque/quam/turpis/adipiscing.jpg
Ernser-Vandervort,3,https://oakley.com/ac/tellus/semper/interdum.js
Lindgren-Gorczany,2,http://springer.com/in/hac/habitasse/platea/dictumst/morbi/vestibulum.html
Bashirian-Kuhic,5,https://rambler.ru/lorem.js
Lockman Group,3,http://eventbrite.com/in/libero/ut/massa.html
"Stokes, Bashirian and Sipes",4,http://ameblo.jp/non/quam/nec/dui/luctus/rutrum.json
"Fay, Schulist and Hills",3,http://howstuffworks.com/nonummy/integer/non/velit/donec.jsp
Beer-Beahan,5,https://csmonitor.com/sapien/arcu/sed/augue/aliquam/erat/volutpat.js
Hartmann-Kassulke,2,https://spiegel.de/pharetra/magna/vestibulum.json
Murray LLC,3,https://sitemeter.com/consectetuer/adipiscing.jsp
Ferry LLC,5,https://ning.com/eget.xml
Lebsack-Morissette,2,http://digg.com/nunc/donec.js
Bechtelar LLC,4,https://plala.or.jp/donec/ut/mauris.aspx
"Wiegand, McKenzie and Stark",1,http://archive.org/nullam.html
Hodkiewicz LLC,1,https://sciencedaily.com/ut/blandit/non/interdum/in/ante.jsp
"Grant, Shanahan and Wyman",5,https://furl.net/volutpat/eleifend/donec/ut.jsp
"Cronin, Hand and Keeling",5,http://people.com.cn/libero/quis.aspx
"Terry, Davis and Shanahan",4,https://uol.com.br/imperdiet/nullam/orci/pede.js
Connelly and Sons,4,https://noaa.gov/non.jsp
Donnelly LLC,4,https://shinystat.com/potenti/nullam.html
Hansen-Blick,5,http://facebook.com/quam/sapien/varius/ut/blandit/non.js
Padberg-Mann,1,https://purevolume.com/vestibulum.jpg
"Weber, Monahan and Bednar",5,http://miibeian.gov.cn/donec/diam/neque/vestibulum.xml
"Sipes, Zboncak and Gerlach",2,https://live.com/eleifend/donec/ut.jpg
"Sanford, Kuhlman and Cassin",3,https://amazon.com/ante/vivamus/tortor.xml
Jones-Schuppe,2,https://printfriendly.com/nullam/sit/amet.html
Christiansen and Sons,1,http://lycos.com/nonummy/integer/non/velit/donec/diam.js
Cremin-Rath,1,https://icq.com/commodo.json
"Hermann, Nader and Swaniawski",2,http://hostgator.com/quis/justo/maecenas/rhoncus/aliquam/lacus.json
Zemlak and Sons,2,http://army.mil/morbi/quis/tortor.aspx
Hartmann LLC,4,https://de.vu/suscipit/nulla/elit/ac/nulla/sed/vel.jsp
Ledner Inc,1,https://surveymonkey.com/lacinia/erat/vestibulum/sed/magna/at/nunc.js
Shields Inc,1,https://liveinternet.ru/donec/pharetra/magna/vestibulum/aliquet.js
Corwin-Mante,4,https://bing.com/volutpat.js
Weimann LLC,2,https://themeforest.net/massa/id/lobortis/convallis/tortor.png
Hagenes Group,4,http://altervista.org/lacinia/erat.js
"Durgan, Schneider and Denesik",1,https://jalbum.net/condimentum.xml
Cassin Group,2,http://google.cn/ut/dolor/morbi/vel.png
Turcotte LLC,5,http://soup.io/molestie/nibh.png
Haag Inc,2,http://businessweek.com/lorem/quisque/ut/erat/curabitur.html
Paucek-Rolfson,5,http://sitemeter.com/tincidunt/in/leo/maecenas.html
Connelly Inc,5,http://va.gov/quisque/erat/eros/viverra/eget/congue/eget.jsp
"Cormier, Batz and Bayer",1,http://hud.gov/montes.jpg
Marquardt Group,4,https://photobucket.com/faucibus/orci/luctus/et/ultrices.aspx
Fritsch Group,1,https://infoseek.co.jp/blandit/lacinia/erat.json
Goldner-Yost,5,http://unesco.org/vitae/quam/suspendisse/potenti/nullam/porttitor.jsp
Wunsch and Sons,4,https://shareasale.com/justo/sit/amet/sapien/dignissim/vestibulum/vestibulum.png
"Goyette, Mayert and Yost",5,http://globo.com/rhoncus.json
"Bogan, White and McGlynn",4,https://last.fm/euismod/scelerisque.json
Gibson-Kub,2,http://rakuten.co.jp/donec/posuere/metus/vitae/ipsum.js
Auer LLC,2,http://liveinternet.ru/purus/eu/magna/vulputate/luctus/cum.xml
Hilll-Lakin,5,https://icio.us/quis/augue/luctus/tincidunt/nulla/mollis/molestie.html
Littel Group,3,http://ebay.co.uk/ultrices/posuere.jpg
"Gottlieb, Smitham and McGlynn",1,https://businessweek.com/eget/semper.aspx
Durgan and Sons,4,https://nba.com/et/commodo.png
Batz Group,2,http://youtu.be/non/velit.png
Kassulke-Bogisich,1,https://angelfire.com/neque/libero/convallis.js
Moen-Aufderhar,3,http://paginegialle.it/vitae/consectetuer/eget/rutrum.js
"Jacobs, Price and Cummings",4,https://virginia.edu/sed.png
Halvorson Inc,4,https://dailymotion.com/enim/lorem/ipsum.json
Balistreri Inc,4,https://pinterest.com/amet/diam.xml
Hudson LLC,5,http://cnbc.com/nam/nulla.jsp
Walter-Hackett,3,http://i2i.jp/faucibus/orci.html
Pfeffer-Beatty,3,http://weebly.com/lectus/in/est/risus/auctor/sed.jsp
Casper Inc,2,http://ovh.net/in/faucibus/orci/luctus/et/ultrices/posuere.png
Lebsack-Balistreri,5,https://nbcnews.com/ut/nulla/sed/accumsan/felis/ut.jpg
"Pollich, Mohr and Jacobs",5,https://cam.ac.uk/blandit.jsp
"Lehner, Kessler and Thiel",3,http://gizmodo.com/lectus.xml
"Streich, Nicolas and Macejkovic",3,https://desdev.cn/curabitur.xml
Wilkinson Inc,3,http://marketwatch.com/fusce/consequat/nulla/nisl.html
"Rutherford, Johns and Orn",2,http://seattletimes.com/curabitur/gravida/nisi/at/nibh/in/hac.js
"Murazik, Mann and Thiel",1,http://soundcloud.com/aliquam/non/mauris/morbi.html
Quitzon-Murray,4,http://berkeley.edu/pellentesque/ultrices/phasellus/id.html
Walsh-Hahn,1,https://privacy.gov.au/in/est/risus.js
Larson-Greenholt,2,https://cmu.edu/vel/augue/vestibulum/ante/ipsum/primis.jsp
"Braun, Schulist and Hauck",3,http://odnoklassniki.ru/volutpat/erat/quisque/erat.js
Rau Inc,5,http://berkeley.edu/erat/id/mauris/vulputate/elementum/nullam.jsp
Hackett-Ward,3,https://ebay.co.uk/maecenas/ut.js
"Ankunding, Medhurst and Conroy",4,http://nbcnews.com/habitasse/platea.js
Pagac LLC,1,http://spiegel.de/feugiat/non/pretium/quis/lectus/suspendisse/potenti.html
Abernathy LLC,2,http://example.com/augue/luctus/tincidunt/nulla/mollis.html
Leffler-Emmerich,4,http://sourceforge.net/interdum/mauris/non.aspx
Schamberger Group,1,https://ow.ly/venenatis/lacinia/aenean/sit/amet.html
Reilly Inc,4,http://rambler.ru/odio/condimentum/id/luctus/nec.aspx
Denesik Group,3,https://mit.edu/orci/luctus/et/ultrices.xml
Cole-Osinski,4,https://msu.edu/a/odio.png
Will and Sons,3,https://topsy.com/eu/interdum/eu/tincidunt/in.aspx
Littel Inc,4,http://rediff.com/ut/nulla/sed/accumsan.png
"Effertz, Renner and Keeling",4,http://kickstarter.com/et/commodo/vulputate.aspx
Hand-Abshire,4,https://freewebs.com/non/ligula.jsp
"Kiehn, Cole and Reinger",2,http://123-reg.co.uk/massa/tempor/convallis/nulla/neque.aspx
"Kiehn, Wehner and Lesch",1,https://nsw.gov.au/rutrum/nulla/tellus/in/sagittis/dui/vel.js
"Hills, Kassulke and Botsford",5,http://alexa.com/magna/ac.html
"Wolf, Kiehn and Paucek",5,http://google.co.jp/pretium.json
Mueller-Bogan,1,http://amazon.co.jp/ante/ipsum/primis/in/faucibus/orci/luctus.xml
White-Langworth,4,http://squidoo.com/fermentum.json
Marquardt Group,4,https://lycos.com/vitae/consectetuer/eget/rutrum/at/lorem/integer.js
Welch-Huel,2,http://feedburner.com/id/ornare/imperdiet/sapien/urna.png
"Schmidt, Christiansen and Anderson",4,https://uol.com.br/volutpat/dui.png
Smitham-Mosciski,1,http://biblegateway.com/sociis/natoque/penatibus/et.js
"Fadel, Barton and Reilly",1,https://topsy.com/nonummy/maecenas/tincidunt.js
"O'Kon, Kovacek and Schaefer",3,https://bloglines.com/suspendisse/potenti.js
Connelly-Leannon,5,https://shop-pro.jp/rutrum/nulla/tellus/in/sagittis.jsp
Watsica-Torp,2,http://washingtonpost.com/morbi.jsp
Erdman Inc,3,http://slashdot.org/id/luctus/nec/molestie/sed.js
Towne-Pouros,2,http://apache.org/mauris/non/ligula/pellentesque/ultrices.aspx
Jaskolski and Sons,3,https://freewebs.com/ut/at/dolor.png
"Gusikowski, Jerde and Orn",1,https://artisteer.com/platea/dictumst/aliquam/augue/quam.png
"Schroeder, Hermann and Swaniawski",4,http://edublogs.org/at/nulla/suspendisse/potenti/cras.json
Armstrong-Runolfsdottir,5,https://exblog.jp/vestibulum.xml
McKenzie Inc,3,http://blogspot.com/congue/eget/semper/rutrum/nulla/nunc/purus.json
Turner and Sons,5,http://google.com.hk/ultrices/libero/non/mattis/pulvinar/nulla/pede.js
Wisoky Group,1,http://newsvine.com/ligula/vehicula/consequat.jsp
Frami-Kautzer,3,http://adobe.com/amet/consectetuer.aspx
"Kutch, Conn and Ullrich",2,https://uol.com.br/dapibus/dolor.jpg
Funk-Stehr,3,http://hhs.gov/eu/nibh/quisque/id/justo.png
Haley-Hilpert,2,https://adobe.com/at/lorem/integer/tincidunt/ante/vel.png
Hartmann-Harber,5,https://spiegel.de/tortor.html
Balistreri-Bechtelar,3,https://unblog.fr/in/faucibus/orci/luctus/et/ultrices.png
Farrell-Bashirian,4,https://printfriendly.com/dui/nec/nisi/volutpat/eleifend/donec.jpg
Hansen-Russel,2,https://cyberchimps.com/ut.js
Lehner LLC,2,http://vk.com/convallis/morbi/odio/odio/elementum/eu/interdum.js
"Pouros, Schneider and Toy",2,https://acquirethisname.com/at/velit/vivamus.html
Wintheiser-Blanda,3,https://ed.gov/nisl/aenean/lectus/pellentesque/eget/nunc.html
Abshire LLC,1,http://webmd.com/aliquam/erat/volutpat/in/congue/etiam/justo.aspx
Langworth-Lockman,5,https://elegantthemes.com/eget/massa/tempor/convallis/nulla/neque.jpg
"Renner, Wunsch and Gottlieb",2,http://odnoklassniki.ru/lobortis/vel/dapibus/at.jpg
Harris-Hilll,2,https://aol.com/cubilia/curae/nulla/dapibus/dolor.html
Mitchell LLC,1,http://biglobe.ne.jp/libero/convallis/eget/eleifend.html
Barrows and Sons,1,http://deviantart.com/est/et/tempus/semper/est.jsp
Ledner-Kemmer,4,https://slate.com/augue/quam/sollicitudin/vitae/consectetuer/eget/rutrum.png
"Quigley, McLaughlin and Rice",1,https://bloglovin.com/duis/aliquam.js
Langworth and Sons,4,https://opensource.org/at/velit/vivamus/vel.jsp
Mitchell-Goyette,5,http://ocn.ne.jp/at.aspx
Kling-Maggio,3,https://ow.ly/maecenas/ut/massa.xml
"Bogisich, Stroman and Mitchell",3,https://guardian.co.uk/libero/convallis/eget/eleifend/luctus/ultricies/eu.json
Keeling Inc,1,https://cdc.gov/non/mauris/morbi/non/lectus/aliquam/sit.xml
Smitham LLC,3,http://shop-pro.jp/magna.xml
Volkman-Rutherford,1,https://eventbrite.com/ac/consequat/metus/sapien.html
"Hegmann, Wuckert and Leannon",4,https://tuttocitta.it/etiam/vel.html
D'Amore-Kerluke,5,http://blogger.com/vel/ipsum/praesent/blandit/lacinia.jpg
Krajcik Inc,2,http://engadget.com/massa/volutpat/convallis/morbi.js
Crooks Inc,1,https://spotify.com/convallis/morbi/odio.png
"Brakus, Hintz and Kling",4,http://gizmodo.com/non/sodales.jpg
"Hudson, Kreiger and Medhurst",5,https://shutterfly.com/eget.html
McGlynn Group,1,https://amazon.com/nulla/neque/libero/convallis/eget/eleifend/luctus.json
"Conroy, Macejkovic and Bednar",5,http://sogou.com/eros/elementum/pellentesque/quisque/porta.js
Rohan-Gerlach,1,https://mozilla.org/at/nibh/in/hac/habitasse/platea/dictumst.html
"Schulist, Kris and Runte",4,https://msn.com/purus/phasellus/in/felis/donec/semper/sapien.xml
Schamberger-Hettinger,5,https://exblog.jp/nulla/eget.xml
Bernhard LLC,1,http://ovh.net/ut/erat/id/mauris/vulputate/elementum/nullam.jpg
Reichert Group,4,http://google.fr/ultrices.xml
"Klocko, Dare and Schroeder",1,http://amazon.co.uk/amet/sem.js
Halvorson-Franecki,1,http://time.com/proin/risus/praesent.jpg
"Schulist, McKenzie and Wyman",4,https://washington.edu/magna/bibendum.aspx
Hartmann and Sons,1,http://dion.ne.jp/volutpat/eleifend/donec/ut.jsp
Hand-Pagac,1,http://unicef.org/velit/eu/est/congue.aspx
Rodriguez-Murazik,2,https://chronoengine.com/arcu/adipiscing/molestie.json
"Ebert, Nikolaus and Towne",2,https://ask.com/eget/massa/tempor/convallis.png
Labadie-Windler,1,http://utexas.edu/maecenas/tincidunt/lacus/at.png
"Fritsch, VonRueden and Leuschke",4,http://google.it/interdum/mauris/ullamcorper/purus.jpg
Greenholt-Toy,3,https://smh.com.au/massa/volutpat/convallis/morbi/odio/odio/elementum.html
"Gibson, Bins and Fahey",2,http://digg.com/justo/maecenas/rhoncus.xml
Pagac and Sons,1,http://theglobeandmail.com/ipsum/integer/a/nibh/in/quis/justo.png
Williamson Group,3,http://amazon.de/cursus/vestibulum/proin/eu/mi.jsp
Runte-Hoeger,1,https://spotify.com/ante/nulla/justo/aliquam/quis.jsp
Prohaska Group,1,https://nsw.gov.au/habitasse.html
Christiansen-Pacocha,5,http://merriam-webster.com/mi/nulla/ac/enim/in/tempor.jpg
Bartell and Sons,2,https://unblog.fr/quam/a/odio/in.json
Ebert-Jones,1,https://bbc.co.uk/magna.xml
Dickinson and Sons,5,https://aboutads.info/sapien/varius/ut/blandit/non/interdum.js
Mraz Group,4,https://newsvine.com/neque/libero/convallis/eget/eleifend/luctus/ultricies.json
Larson LLC,5,https://google.com.br/ac/lobortis.js
Shanahan-Lueilwitz,5,https://google.cn/quisque/arcu/libero/rutrum/ac/lobortis.json
"Bruen, Kilback and Reinger",5,http://domainmarket.com/in/quam/fringilla/rhoncus.html
Stanton-Smith,3,https://yale.edu/at/nulla.xml
Wuckert Group,3,https://latimes.com/est/quam/pharetra/magna/ac.aspx
Ruecker and Sons,1,http://state.gov/cubilia/curae/donec/pharetra/magna/vestibulum/aliquet.html
Jenkins and Sons,3,http://vimeo.com/consectetuer/adipiscing/elit/proin/interdum/mauris.jpg
"Torp, Kozey and Koch",5,http://mail.ru/massa/id/nisl/venenatis/lacinia/aenean/sit.jpg
Lang-McGlynn,2,https://wp.com/erat.js
Reichert Inc,1,http://phpbb.com/at/dolor/quis/odio/consequat/varius/integer.jpg
"Waelchi, Kessler and Harris",5,https://cloudflare.com/pede/malesuada/in/imperdiet/et/commodo/vulputate.json
Kovacek-Schimmel,2,http://networksolutions.com/lectus/pellentesque/at/nulla.jpg
Cormier-Kovacek,2,https://virginia.edu/erat.xml
"Heathcote, Nitzsche and Weber",5,http://exblog.jp/massa/id/nisl/venenatis/lacinia.html
Pacocha LLC,2,http://ifeng.com/parturient/montes/nascetur/ridiculus/mus.html
Braun LLC,3,http://cornell.edu/magnis/dis.jsp
"Walter, Klocko and Pfannerstill",1,https://irs.gov/eu/massa/donec/dapibus/duis/at/velit.xml
Schuppe-Ernser,5,https://prlog.org/orci/luctus.js
"Ortiz, Johnson and Howell",5,https://ox.ac.uk/felis.jpg
Hilpert Group,5,https://earthlink.net/consequat/nulla/nisl/nunc/nisl/duis/bibendum.png
"Dibbert, Simonis and Breitenberg",1,http://vimeo.com/cubilia/curae/mauris/viverra/diam/vitae/quam.html
"Nolan, Pouros and Crist",2,https://yolasite.com/pellentesque/volutpat/dui/maecenas.jsp
Herzog-Bradtke,5,http://csmonitor.com/viverra.json
"Kunze, Schmitt and Crona",3,http://163.com/convallis/nulla/neque/libero/convallis/eget.png
Grant Group,2,http://shinystat.com/nec/nisi/vulputate/nonummy.jpg
"Greenholt, Kuphal and Morissette",1,https://harvard.edu/at/ipsum.jsp
Murazik-Kautzer,5,https://macromedia.com/porta/volutpat/quam/pede/lobortis.html
Jones Inc,3,https://cnbc.com/sed/vestibulum/sit/amet/cursus/id/turpis.aspx
Runte Group,2,http://auda.org.au/id/turpis/integer/aliquet/massa.xml
"Weber, Crooks and Mayer",2,https://joomla.org/vestibulum/vestibulum/ante/ipsum/primis/in/faucibus.html
"MacGyver, Schinner and Morissette",4,http://sitemeter.com/ut/rhoncus/aliquet/pulvinar.png
"Murray, Thiel and Waters",5,https://vistaprint.com/congue.xml
Sporer-Corwin,2,http://imgur.com/ante.js
Dare-Walker,5,http://studiopress.com/erat.png
"Wyman, Ratke and Muller",3,https://mozilla.com/erat/quisque/erat/eros.json
"Hintz, Green and Ankunding",4,https://addthis.com/orci/eget/orci/vehicula.png
Watsica-Daugherty,2,http://spiegel.de/sapien.json
Durgan and Sons,5,https://netvibes.com/posuere/cubilia/curae/donec.xml
Medhurst LLC,1,https://nbcnews.com/at/nibh/in/hac/habitasse.json
Von-Green,2,https://abc.net.au/elementum.jpg
Kohler-Morar,3,https://woothemes.com/massa/quis/augue/luctus.jsp
"Abernathy, Mraz and Rutherford",3,https://whitehouse.gov/elementum/pellentesque/quisque/porta/volutpat/erat/quisque.png
"Bosco, Schoen and Lind",2,https://wired.com/lorem/integer/tincidunt/ante/vel/ipsum.js
"Goodwin, Harvey and Harris",1,http://parallels.com/purus/sit.jpg
Fay LLC,2,https://ucsd.edu/vel/nisl/duis/ac/nibh/fusce.js
Sauer-Friesen,3,https://microsoft.com/sociis/natoque.jpg
"Kling, Heathcote and Ledner",2,http://chronoengine.com/fringilla/rhoncus.jsp
Roberts Inc,2,https://mayoclinic.com/a/ipsum/integer/a/nibh/in.html
"Christiansen, Bogan and Barrows",4,http://wix.com/phasellus/in/felis.png
Pouros-Bailey,4,http://businessinsider.com/sed/lacus/morbi/sem/mauris/laoreet/ut.png
"Lowe, Kshlerin and Gerlach",4,https://google.ca/nulla/neque/libero/convallis/eget/eleifend/luctus.html
Aufderhar-Hettinger,3,http://arizona.edu/varius/ut/blandit/non/interdum/in.json
Rohan LLC,5,http://wiley.com/parturient/montes/nascetur/ridiculus.js
"Mitchell, Kuhlman and Schoen",2,http://hud.gov/tortor/eu/pede.jsp
Conroy-Jacobson,5,https://mtv.com/sit/amet/sapien.jsp
Hammes-Cronin,1,http://behance.net/aliquam/erat/volutpat/in/congue.js
Zulauf-Nader,1,https://ebay.com/tincidunt/eget/tempus.aspx
"Beahan, Fay and Von",3,http://bluehost.com/et/ultrices/posuere.js
Jacobs-Lemke,2,http://mozilla.com/curabitur/gravida/nisi.png
Harber and Sons,3,https://noaa.gov/ac/consequat/metus/sapien/ut/nunc/vestibulum.xml
"Jaskolski, Sipes and Zulauf",3,https://imageshack.us/ante.xml
Weissnat Inc,4,http://si.edu/tortor/duis/mattis/egestas/metus/aenean/fermentum.jsp
Walsh and Sons,1,http://nyu.edu/duis/ac.jsp
Labadie-Schoen,3,https://walmart.com/phasellus/sit.jpg
"Reilly, Dooley and Glover",5,http://sakura.ne.jp/duis/at/velit/eu/est.xml
Larson Group,2,https://skyrock.com/tempus/vel/pede.jsp
Marks-Block,3,http://nba.com/semper/est.json
Feest Group,3,https://fema.gov/orci/luctus/et.jsp
Boyer-Swaniawski,5,https://chron.com/sit/amet/sem/fusce/consequat.html
"Carter, Dicki and Hettinger",3,https://miitbeian.gov.cn/sollicitudin.aspx
Gulgowski Inc,1,http://cnet.com/ac/consequat.aspx
MacGyver-Schuster,2,https://blogtalkradio.com/nec/molestie/sed/justo/pellentesque/viverra/pede.png
Fahey-Lubowitz,3,https://joomla.org/blandit/nam/nulla/integer.xml
Jaskolski and Sons,5,https://prnewswire.com/in/ante.png
Schmeler LLC,2,http://cargocollective.com/donec/posuere/metus/vitae.jsp
Price Group,3,http://wordpress.org/sapien/placerat.aspx
Dach and Sons,1,http://netlog.com/velit.jsp
Crona-Senger,2,https://jugem.jp/sed/lacus/morbi/sem.jpg
Morar Inc,1,http://unesco.org/donec/ut.xml
Huels-Hermiston,4,https://technorati.com/pede/justo/lacinia/eget/tincidunt/eget.xml
Hartmann and Sons,2,http://economist.com/consequat/varius/integer/ac/leo/pellentesque.png
Conroy Group,1,https://google.it/felis/eu/sapien/cursus/vestibulum/proin.png
Rutherford Group,3,http://discovery.com/in/libero/ut.jpg
"Gerlach, Ortiz and White",3,http://discuz.net/amet/sem/fusce.js
Dickens LLC,1,http://1und1.de/nulla/elit/ac/nulla/sed/vel/enim.jsp
Hettinger-Murphy,5,http://webs.com/in/quis/justo.js
Maggio Inc,1,https://timesonline.co.uk/cubilia/curae/duis/faucibus.jpg
Weber Inc,4,http://ustream.tv/ligula/sit/amet/eleifend/pede/libero.jsp
"Gulgowski, Simonis and Boyer",2,http://clickbank.net/quis/orci.png
"Smitham, Bayer and Leffler",5,http://163.com/cubilia/curae/duis/faucibus/accumsan/odio/curabitur.png
"Hegmann, Dach and White",3,http://clickbank.net/mauris/vulputate.json
DuBuque-Welch,5,https://ft.com/rhoncus.html
"Brekke, Zboncak and Ziemann",4,https://cafepress.com/diam/in/magna/bibendum/imperdiet/nullam/orci.jsp
Douglas-Bergnaum,5,http://woothemes.com/quam/pede/lobortis/ligula/sit/amet.js
"Aufderhar, Gerlach and O'Conner",1,http://prweb.com/bibendum/imperdiet/nullam/orci.xml
Deckow-McCullough,2,http://xrea.com/mus/vivamus.jpg
Breitenberg and Sons,2,http://businesswire.com/pede/justo/eu/massa/donec.jpg
Klein-Spinka,4,https://gov.uk/tempus.html
Kris LLC,3,https://sciencedaily.com/consectetuer/adipiscing.jsp
Lockman-Bahringer,1,https://hp.com/in/hac/habitasse.js
Ullrich Group,2,http://hostgator.com/ridiculus/mus/etiam/vel/augue.jsp
"Kihn, Farrell and Bode",3,https://hud.gov/vivamus/metus/arcu.js
Ondricka Group,2,https://blinklist.com/id/justo.jsp
Batz-Fadel,5,http://hatena.ne.jp/ipsum/primis/in/faucibus/orci/luctus.js
Hayes-Kautzer,5,https://time.com/justo.xml
Legros and Sons,4,https://bloglines.com/ante/vel/ipsum/praesent/blandit/lacinia.json
Gerlach and Sons,4,http://chron.com/nibh/in/hac.jsp
Kirlin Group,4,https://dedecms.com/eu.json
"Harris, Harris and Lesch",1,http://wix.com/velit/vivamus/vel.json
Krajcik-Marquardt,1,https://yolasite.com/amet/nunc/viverra.html
Senger LLC,2,https://icq.com/erat/id/mauris/vulputate/elementum/nullam.jpg
"Kuhic, Jacobson and Davis",2,http://economist.com/quis/libero/nullam/sit.xml
Koepp-Schamberger,2,https://google.es/sed.jpg
Mitchell Group,2,http://alibaba.com/molestie/nibh/in/lectus/pellentesque/at.jsp
"Trantow, Kuvalis and Klocko",2,https://google.com.au/nam/ultrices/libero/non.js
"Okuneva, Effertz and Friesen",3,https://bluehost.com/at/turpis/a/pede/posuere/nonummy/integer.json
Schoen and Sons,4,https://example.com/nulla/integer/pede/justo.xml
"Hessel, Davis and Witting",5,https://admin.ch/non/sodales.aspx
"Yundt, Predovic and Greenholt",1,https://163.com/amet.png
Mosciski-Sanford,2,http://360.cn/ut/suscipit/a/feugiat.js
Hauck Inc,3,http://sourceforge.net/proin/eu/mi/nulla/ac/enim.json
"MacGyver, Wiza and Lang",3,http://eepurl.com/a/odio/in/hac/habitasse/platea.xml
"Johnson, Kub and Yost",1,http://salon.com/curae.aspx
"Sipes, Hoeger and Runte",5,https://reddit.com/magnis/dis/parturient/montes/nascetur/ridiculus.jsp
Powlowski-Carroll,5,https://latimes.com/nunc/vestibulum/ante/ipsum/primis/in/faucibus.html
"Leannon, Wiza and Kuhlman",3,https://hud.gov/ultrices/posuere/cubilia/curae/nulla/dapibus/dolor.json
Bergnaum-Halvorson,1,http://ft.com/arcu/libero/rutrum/ac/lobortis.xml
"Zulauf, Zulauf and Medhurst",5,https://spotify.com/ipsum/dolor/sit/amet/consectetuer/adipiscing/elit.jsp
Harvey Inc,1,http://economist.com/dis/parturient/montes/nascetur/ridiculus.jpg
Marquardt and Sons,1,http://salon.com/vestibulum/velit/id/pretium.jpg
Kerluke-Oberbrunner,3,http://reuters.com/penatibus.json
McDermott LLC,3,http://google.com.au/non/quam/nec.html
"Mills, Spinka and Schaden",3,http://abc.net.au/venenatis/lacinia/aenean.jsp
"Streich, Schiller and Haley",4,https://bigcartel.com/aenean.jsp
Flatley Group,1,https://abc.net.au/risus/praesent/lectus.jsp
"Spinka, Schowalter and Schmeler",4,http://kickstarter.com/a/odio/in/hac/habitasse/platea/dictumst.aspx
"Beatty, Haley and Anderson",3,https://china.com.cn/hendrerit/at/vulputate/vitae.html
Davis Inc,5,https://google.pl/scelerisque/quam/turpis/adipiscing/lorem.png
Macejkovic-Lehner,5,https://nps.gov/condimentum/neque/sapien.html
Nienow and Sons,4,https://blog.com/dolor/vel/est/donec/odio/justo.json
Mohr-Ratke,4,http://ask.com/felis/sed/lacus/morbi/sem/mauris.aspx
McDermott-Wolf,3,http://springer.com/felis.js
Goldner LLC,1,http://tinyurl.com/et/magnis.jpg
Larkin LLC,3,http://marketwatch.com/nascetur/ridiculus/mus/vivamus/vestibulum.js
"Reinger, Armstrong and Hermiston",3,http://gravatar.com/enim/leo/rhoncus/sed/vestibulum.jpg
Rohan-Upton,3,https://microsoft.com/sapien/dignissim/vestibulum/vestibulum/ante.jsp
Johnson Inc,2,http://wsj.com/pede/justo/lacinia.js
Von Group,2,http://google.com.au/aliquam.html
"Mertz, Pacocha and Mayert",3,http://yahoo.co.jp/molestie/lorem/quisque/ut/erat.aspx
Ferry Inc,3,http://mediafire.com/ut/volutpat/sapien/arcu.xml
O'Reilly-Romaguera,3,https://umn.edu/ante/vestibulum/ante/ipsum/primis/in/faucibus.js
Harris-Bode,2,https://bandcamp.com/eu/orci/mauris/lacinia/sapien/quis.jsp
"Mayer, Roberts and Ondricka",3,http://163.com/diam/in/magna/bibendum/imperdiet.js
Wiza LLC,4,https://blinklist.com/diam/in/magna/bibendum/imperdiet/nullam/orci.aspx
"Hoeger, Beier and Quigley",1,http://howstuffworks.com/dapibus/at/diam.json
Auer Group,1,https://mysql.com/imperdiet/et/commodo/vulputate.aspx
Medhurst-Doyle,3,https://goo.ne.jp/nulla/nunc/purus/phasellus/in.xml
"Osinski, Fay and Hayes",2,https://nifty.com/pellentesque.xml
Ernser Inc,3,http://google.com.br/in/hac/habitasse.jsp
McCullough Inc,3,https://stanford.edu/nec.png
Metz-Daniel,1,http://phpbb.com/eleifend.jpg
Funk-Legros,2,http://umn.edu/donec/semper/sapien.png
"Lakin, Kilback and Jones",4,http://flickr.com/purus/sit/amet/nulla/quisque/arcu.json
Spinka Group,3,https://123-reg.co.uk/vivamus/in/felis/eu/sapien.png
Tremblay-Conn,2,https://moonfruit.com/justo/sit/amet/sapien/dignissim/vestibulum.json
VonRueden Inc,2,https://wikimedia.org/sit/amet/erat/nulla/tempus/vivamus/in.js
Bauch LLC,2,https://so-net.ne.jp/pede.jpg
Legros-Koss,3,http://list-manage.com/luctus/et/ultrices/posuere/cubilia.json
"O'Reilly, Lockman and Kohler",5,https://multiply.com/ut/suscipit.html
Ziemann Inc,5,http://seesaa.net/at/velit/eu/est.js
"Schmidt, Medhurst and Rau",2,https://yellowpages.com/ut/nunc.html
"Rice, Harvey and Lesch",4,https://tmall.com/venenatis.aspx
Parisian-Schowalter,3,https://clickbank.net/suspendisse/potenti/cras/in/purus.jsp
Jast-Johns,2,https://biblegateway.com/luctus/rutrum/nulla/tellus/in.js
"Hickle, Ward and O'Keefe",1,http://de.vu/nec/dui/luctus/rutrum/nulla.xml
King Group,2,http://cnet.com/tortor/id/nulla/ultrices/aliquet/maecenas.html
Leannon-Cassin,3,https://google.co.jp/magnis/dis/parturient/montes/nascetur/ridiculus.html
Shanahan Inc,3,https://cbslocal.com/nisl/nunc.jpg
"Botsford, Fadel and Runte",2,http://sourceforge.net/mauris/viverra/diam/vitae.jsp
"Murphy, Stokes and Mayer",5,http://plala.or.jp/in/purus/eu/magna/vulputate.xml
Haley Inc,2,http://ameblo.jp/at/feugiat/non/pretium.html
"Jaskolski, Mertz and Grant",3,http://washington.edu/nunc/commodo.js
"Hermann, Reynolds and Fay",2,https://washingtonpost.com/sit/amet/sapien/dignissim.json
"Harris, VonRueden and Kuhic",5,https://shutterfly.com/pellentesque/eget/nunc/donec/quis/orci/eget.png
"Jacobi, Crooks and Gutkowski",2,http://cpanel.net/maecenas/tristique/est/et/tempus/semper/est.html
"Hayes, Hermiston and Abernathy",3,http://archive.org/adipiscing/molestie/hendrerit/at.jpg
Gibson and Sons,2,https://ustream.tv/nec.png
Schneider-Daniel,3,http://networksolutions.com/ut/massa/quis/augue/luctus/tincidunt.png
Stehr and Sons,1,http://miitbeian.gov.cn/suspendisse/potenti/nullam/porttitor.png
Trantow-Schowalter,3,https://last.fm/sit/amet/cursus.json
Gutmann-Morissette,1,http://simplemachines.org/sem/sed/sagittis/nam/congue/risus/semper.jpg
Emmerich Group,5,https://theglobeandmail.com/tempor/convallis.xml
Gutmann-Champlin,2,https://scribd.com/convallis/tortor.json
Bergnaum-Medhurst,5,https://drupal.org/pellentesque/at.aspx
"Hettinger, Jakubowski and MacGyver",5,http://so-net.ne.jp/sed/ante.png
Ratke Group,4,http://buzzfeed.com/mauris/lacinia.js
"Okuneva, Breitenberg and Wiza",5,https://51.la/faucibus/orci/luctus/et.jpg
"Bashirian, Hansen and Parker",1,http://yale.edu/lobortis/ligula/sit/amet/eleifend/pede.html
Wolf-Hermann,2,https://bbb.org/dolor/vel.html
Durgan Group,3,http://mail.ru/nullam/porttitor/lacus/at/turpis.aspx
Schumm-Franecki,2,http://homestead.com/pede/libero/quis/orci/nullam/molestie/nibh.aspx
Dibbert LLC,5,https://msu.edu/odio.jsp
"Goldner, Moore and Champlin",2,https://squidoo.com/quis.html
Parisian-Bode,3,http://nbcnews.com/vestibulum/ante/ipsum/primis/in.jsp
Wilderman LLC,3,https://eventbrite.com/in/magna/bibendum/imperdiet/nullam.xml
Bednar-Koss,3,https://indiatimes.com/condimentum/curabitur/in/libero.html
Hagenes Group,5,http://usa.gov/maecenas/pulvinar/lobortis/est/phasellus/sit/amet.js
"Rodriguez, Nicolas and Huels",5,http://ft.com/elementum/in/hac/habitasse/platea.json
"Bins, Ullrich and Kertzmann",2,https://paypal.com/elementum/in/hac/habitasse.jsp
"Purdy, Funk and D'Amore",3,https://ameblo.jp/ante/ipsum.jpg
Kohler-Wisoky,4,https://senate.gov/sapien.js
"Ernser, Mills and Moore",1,https://phpbb.com/pellentesque/quisque/porta.png
"Leuschke, Schinner and Brekke",4,http://nydailynews.com/ac/leo/pellentesque/ultrices/mattis.xml
Schmidt Group,2,http://so-net.ne.jp/non/ligula/pellentesque/ultrices/phasellus/id.jpg
Stokes and Sons,1,http://yandex.ru/posuere/cubilia.aspx
Anderson-Rosenbaum,5,https://ovh.net/sapien/placerat/ante/nulla/justo.json
Watsica and Sons,1,https://twitpic.com/duis/consequat/dui/nec/nisi/volutpat/eleifend.json
Aufderhar Inc,5,https://tumblr.com/molestie/sed/justo.jpg
Bayer-Bosco,5,https://toplist.cz/nulla/elit/ac.js
Breitenberg Group,5,http://icq.com/ac/neque/duis/bibendum/morbi/non.jsp
Pollich-Daugherty,1,http://bravesites.com/maecenas/rhoncus/aliquam/lacus/morbi/quis.jpg
Zemlak-Schroeder,1,http://reuters.com/habitasse/platea/dictumst/etiam/faucibus/cursus/urna.jsp
